date,value
2015/12/31,41.70651355421687
2016/1/1,48.933782003012055
2016/1/2,41.278708584337345
2016/1/3,43.08526296482745
2016/1/4,43.08526296482745
2016/1/5,42.174256230738145
2016/1/6,37.84392461494868
2016/1/7,37.5177586847041
2016/1/8,34.60035455047367
2016/1/9,33.559526984232015
2016/1/10,33.25404743975903
2016/1/11,35.051957831325296
2016/1/12,31.442529485527295
2016/1/13,30.24548192771084
2016/1/14,22.110504518072286
2016/1/15,29.958490210843376
2016/1/16,32.11897590361445
2016/1/17,38.37349397590362
2016/1/18,29.93975903614457
2016/1/19,34.67516942771084
2016/1/20,26.255741716867465
2016/1/21,29.660579819277103
2016/1/22,22.17253388554217
2016/1/23,28.522966867469876
2016/1/24,24.705722924456538
2016/1/25,26.26004344601947
2016/1/26,25.810720767960486
2016/1/27,22.54433803852782
2016/1/28,22.80679574052253
2016/1/29,21.165022532803466
2016/1/30,23.994446536144576
2016/1/31,13.480798192771081
2016/2/1,23.339231927710845
2016/2/2,20.581661467115023
2016/2/3,17.44870105421687
2016/2/4,23.878388548471843
2016/2/5,15.005553463855422
2016/2/6,18.567959337349397
2016/2/7,14.530873493975903
2016/2/8,15.559393825301205
2016/2/9,15.952466114457831
2016/2/10,13.696253765060241
2016/2/11,15.909826807228916
2016/2/12,11.067206325301203
2016/2/13,10.164627259036143
2016/2/14,11.145143072289157
2016/2/15,12.478256777108436
2016/2/16,7.831701807228915
2016/2/17,10.564100150602409
2016/2/18,8.983433734939757
2016/2/28,6.039439006024096
2016/2/29,10.42074548192771
2016/3/1,6.051393072289157
2016/3/2,6.499058734939759
2016/3/3,6.136708560220178
2016/3/4,5.74058734939759
2016/3/5,5.670180722891566
2016/3/6,7.05046357304217
2016/3/7,1.241293298192771
2016/3/8,8.963855421686747
2016/3/9,5.760542168674699
2016/3/10,4.866057981927711
2016/3/11,6.029367469879517
2016/3/12,5.4011671666100805
2016/3/13,3.8992846385542155
2016/3/14,11.81645331325301
2016/3/15,5.455572289156627
2016/3/16,8.162650602409638
2016/3/17,2.9038027108433733
2016/3/18,3.8978727409638547
2016/3/19,2.5707831325301207
2016/3/20,4.158132530120482
2016/3/21,0.7367386211113757
2016/3/22,2.719126506024096
2016/3/23,6.53953313253012
2016/3/24,0.9890813253012047
2016/3/25,2.1629329819277108
2016/3/26,1.2537650602409638
2016/3/27,2.008753765060241
2016/3/28,3.7515060240963862
2016/3/29,2.9986822289156625
2016/3/30,5.234751506024097
2016/3/31,4.452020002035312
2016/4/1,5.044606102248991
2016/4/2,14.306959114430178
2016/4/3,15.391919239457827
2016/4/4,6.778708584337348
2016/4/5,24.594427457056845
2016/4/6,49.97157379518071
2016/4/7,21.132199107792722
2016/4/8,21.066589805869814
2016/4/9,19.602786144578314
2016/4/10,26.313441147287204
2016/4/11,9.365963855421688
2016/4/12,14.484375
2016/4/13,14.484375
2016/4/14,14.484375
2016/4/15,9.365963855421688
2016/4/16,9.365963855421688
2016/4/17,83.6310781631832
2016/4/18,83.6310781631832
2016/4/19,83.89531396320658
2016/4/20,83.89531396320658
2016/4/21,83.59313335645828
2016/4/22,83.59313335645828
2016/4/23,83.59313335645828
2016/4/24,83.59313335645828
2016/4/25,83.59313335645828
2016/4/26,85.74004596256347
2016/4/27,85.74564738015096
2016/4/28,85.74564738015096
2016/4/29,78.7927842326911
2016/4/30,79.58141942771084
2016/5/1,75.13130646872233
2016/5/2,73.42421219865959
2016/5/3,74.32106551204818
2016/5/4,70.98738704819277
2016/5/5,74.41085271232099
2016/5/6,69.35005637105687
2016/5/7,71.57072006363467
2016/5/8,71.57072006363467
2016/5/9,74.9316641566265
2016/5/10,69.82233966689512
2016/5/11,63.33145125515488
2016/5/12,64.1209525078176
2016/5/13,64.1209525078176
2016/5/14,64.1209525078176
2016/5/15,57.06024096385543
2016/5/16,58.70036390316057
2016/5/17,62.40650100736734
2016/5/18,64.02222174693303
2016/5/19,64.20025269453784
2016/5/20,59.32272839546205
2016/5/21,74.7054320171655
2016/5/22,70.06585070598555
2016/5/23,69.27180289073164
2016/5/24,68.65995254861305
2016/5/25,68.65954868477512
2016/5/26,71.9747423005391
2016/5/27,69.90464929213006
2016/5/28,67.89413394554552
2016/5/29,67.47007922092115
2016/5/30,67.98990327478892
2016/5/31,67.40276100980229
2016/6/1,66.24768357176379
2016/6/2,68.49393851642148
2016/6/3,71.34481676515325
2016/6/4,71.87527880754814
2016/6/5,68.58330195783131
2016/6/6,72.74037097017448
2016/6/7,76.91295183997555
2016/6/8,74.96958799390909
2016/6/9,73.98301362416831
2016/6/10,74.16598280510271
2016/6/11,75.37735340681421
2016/6/12,73.15278484304268
2016/6/13,71.93003897350953
2016/6/14,72.24954325607023
2016/6/15,70.41715089240705
2016/6/16,68.97985692771084
2016/6/17,72.3080006766032
2016/6/18,74.73239834337348
2016/6/19,75.42538135884753
2016/6/20,77.1481865242303
2016/6/21,78.23561887712364
2016/6/22,75.65398210358904
2016/6/23,77.56198835085675
2016/6/24,75.52232054055453
2016/6/25,78.94093561746986
2016/6/26,80.72188141834306
2016/6/27,80.18237007095154
2016/6/28,81.35909240360718
2016/6/29,79.67391103721526
2016/6/30,77.51629177346288
2016/7/1,76.20742607978455
2016/7/2,75.66970367747615
2016/7/3,74.97447611912186
2016/7/4,69.59685617469879
2016/7/5,73.56759087723422
2016/7/6,76.72373882690108
2016/7/7,77.42152978426002
2016/7/8,77.58458834814739
2016/7/9,74.97886088526393
2016/7/10,73.0990880799581
2016/7/11,71.85707688475229
2016/7/12,70.14684517268674
2016/7/13,68.5128952552037
2016/7/14,64.0948795180723
2016/7/15,67.50451807228914
2016/7/16,63.5132401054164
2016/7/17,63.66092472406755
2016/7/18,58.94032379518072
2016/7/19,63.66092472406755
2016/7/20,63.45155595368648
2016/7/21,59.65968395715736
2016/7/22,62.63245775469814
2016/7/23,66.31329221179685
2016/7/24,70.66152135004482
2016/7/25,70.66152135004482
2016/7/26,69.14213102409637
2016/7/27,72.65813253012048
2016/7/28,72.36399499910424
2016/7/29,72.86934897842177
2016/7/30,77.5064159401928
2016/7/31,72.99902112081826
2016/8/1,70.39551957831326
2016/8/2,75.25593023845948
2016/8/3,74.52142008097773
2016/8/4,74.28491785727351
2016/8/5,75.14269578313252
2016/8/6,77.83617528088122
2016/8/7,79.30408125756735
2016/8/8,81.23043749562228
2016/8/9,82.39622564775402
2016/8/10,81.91374294585493
2016/8/11,82.547962033605
2016/8/12,82.6722090746983
2016/8/13,83.18288780120481
2016/8/14,81.79906323157162
2016/8/15,81.25185073427407
2016/8/16,77.30506447855251
2016/8/17,76.55684436229338
2016/8/18,78.3183829066265
2016/8/19,75.9724818338831
2016/8/20,71.11432442464024
2016/8/21,75.86031626506022
2016/8/22,78.75614153477083
2016/8/23,77.466967607119
2016/8/24,76.38704793280866
2016/8/25,74.98110972542361
2016/8/26,74.02278704671977
2016/8/27,73.20868512090429
2016/8/28,62.042607890554194
2016/8/29,75.69983057228916
2016/8/30,72.07401965325136
2016/8/31,71.95992982243918
2016/9/1,71.84949171686745
2016/9/2,72.02635542168673
2016/9/3,76.2386106927711
2016/9/4,74.06027234605995
2016/9/5,71.3367846385542
2016/9/6,75.39024849397589
2016/9/7,80.91534403433282
2016/9/8,76.4476001621729
2016/9/9,76.76898067399681
2016/9/10,78.03934001060853
2016/9/11,80.09784734536366
2016/9/12,79.84169894959554
2016/9/13,80.41214608858864
2016/9/14,80.65284563834408
2016/9/15,81.44457557402461
2016/9/16,80.96020424796875
2016/9/17,80.60224418467787
2016/9/18,81.90493682062771
2016/9/19,80.7397323214864
2016/9/20,81.04345270380917
2016/9/21,80.6600436589804
2016/9/22,80.39239945325507
2016/9/23,79.97861270444939
2016/9/24,79.85009627888
2016/9/25,79.75463493760809
2016/9/26,78.79461185185306
2016/9/27,77.4895857658731
2016/9/28,78.26563585235411
2016/9/29,77.59493293819655
2016/9/30,70.57454044273099
2016/10/1,72.80663771442619
2016/10/2,72.83204701866012
2016/10/3,72.88191589389936
2016/10/4,68.19476662917307
2016/10/5,74.32586596385543
2016/10/6,73.27389782595347
2016/10/7,72.91829819277108
2016/10/8,73.16928631785404
2016/10/9,76.30496975743627
2016/10/10,72.61264577400253
2016/10/11,71.93841790865702
2016/10/12,71.93841790865702
2016/10/13,66.38441265060241
2016/10/14,71.21490698047431
2016/10/15,69.31745680843493
2016/10/16,71.48782738935516
2016/10/17,73.55889162816196
2016/10/18,74.43389045114978
2016/10/19,72.0144954819277
2016/10/20,75.6687076134854
2016/10/21,79.25988328313254
2016/10/22,77.8408697398312
2016/10/23,73.07602691075888
2016/10/24,72.41212212177645
2016/10/25,68.27861445783132
2016/10/26,75.93685280702202
2016/10/27,76.23401699726841
2016/10/28,73.96860895673912
2016/10/29,68.82748942633708
2016/10/30,70.64360467066246
2016/10/31,71.37247085140413
2016/11/1,64.36276355421687
2016/11/2,69.04979292168674
2016/11/3,71.6644075634968
2016/11/4,71.81099397590361
2016/11/5,70.41481307184837
2016/11/6,67.74129697788193
2016/11/7,67.01909929154867
2016/11/8,58.47920163855493
2016/11/9,64.71990223821386
2016/11/10,62.92989152741718
2016/11/11,57.456520139452905
2016/11/12,64.08734939759034
2016/11/13,60.84846449724162
2016/11/14,61.12117636131954
2016/11/15,62.1911958689431
2016/11/16,60.91314159962067
2016/11/17,60.739897173571286
2016/11/18,60.62476467511738
2016/11/19,59.28839889850959
2016/11/20,59.25086601365761
2016/11/21,57.38328313253011
2016/11/22,54.03143800884844
2016/11/23,55.79496874346072
2016/11/24,56.78340077184769
2016/11/25,47.75779390047831
2016/11/26,54.63883659638553
2016/11/27,58.878222774310274
2016/11/28,58.0105421686747
2016/11/29,53.55066615630346
2016/11/30,38.77761932238038
2016/12/1,46.39393825416105
2016/12/2,48.64697639769818
2016/12/3,54.072289156626496
2016/12/4,53.49501130379824
2016/12/5,51.4093561746988
2016/12/6,47.12901476923242
2016/12/7,44.41490963855422
2016/12/8,50.43412059760955
2016/12/9,51.31369872835565
2016/12/10,65.47515060240961
2016/12/11,58.206482291580684
2016/12/12,48.81842996987951
2016/12/13,42.21677334337348
2016/12/14,42.63996611445783
2016/12/15,43.93684111445783
2016/12/16,30.85128012048193
2016/12/17,44.89808179312442
2016/12/18,42.312217620481924
2016/12/19,35.63394201807228
2016/12/20,39.331984186746986
2016/12/21,33.906532379518076
2016/12/22,18.532129559351738
2016/12/23,31.08189006024096
2016/12/24,23.35777484939759
2016/12/25,33.84903625784868
2016/12/26,32.72882807667716
2016/12/27,58.74802334337348
2016/12/28,44.26393072289156
2016/12/29,21.155120481927707
2016/12/30,30.712349397590355
2016/12/31,23.47976280120482
2017/1/1,24.153802710843372
2017/1/2,29.190041415662648
2017/1/3,25.421467085593342
2017/1/4,25.641566265060238
2017/1/5,26.649567018072293
2017/1/6,23.822853915662648
2017/1/7,23.988140060240962
2017/1/8,15.84007906626506
2017/1/9,22.786897590361445
2017/1/10,22.792126714723207
2017/1/11,22.470256024096383
2017/1/12,23.117187499999996
2017/1/13,19.597044427710845
2017/1/14,26.857115963855417
2017/1/15,18.345067771084334
2017/1/16,19.90464984939759
2017/1/17,12.787274096385541
2017/1/18,15.866716867469878
2017/1/19,18.87801204819277
2017/1/20,14.61859939759036
2017/1/21,14.92074548192771
2017/1/22,8.897213855421688
2017/1/23,11.437311746987952
2017/1/24,8.238610692771084
2017/1/25,11.520237198795181
2017/1/26,14.055534638554219
2017/1/27,10.365399096385543
2017/1/28,7.862198795180722
2017/1/29,7.704442771084336
2017/1/30,10.746234939759034
2017/1/31,5.641754518072289
2017/2/1,7.272496234939759
2017/2/2,5.415097891566265
2017/2/3,7.317524002259037
2017/2/4,7.080207548945784
2017/2/5,8.715549698795183
2017/2/6,7.011954066265059
2017/2/7,6.032661897590361
2017/2/8,5.805911144578314
2017/2/9,7.029330491503497
2017/2/10,12.346903237951809
2017/2/11,5.351703689759036
2017/2/12,4.539533132530121
2017/2/13,6.447100903614458
2017/2/14,5.285297439759036
2017/2/15,0.6589796686746987
2017/2/16,0.0
2017/2/17,3.009012601888144
2017/2/18,2.4184864457831323
2017/2/19,3.5293674698795185
2017/2/20,3.970726656626506
2017/2/21,3.411803463855421
2017/2/22,2.646554969879518
2017/2/23,2.121234939759036
2017/2/24,4.784262048192771
2017/2/25,0.0
2017/2/26,4.723426076841641
2017/2/27,19.19987091314362
2017/2/28,4.963949548192772
2017/3/1,0.1558734939759036
2017/3/2,5.898541299536466
2017/3/3,0.05384036144578313
2017/3/4,12.816905175885525
2017/3/5,3.302527054134442
2017/3/6,1.745199548192771
2017/3/7,3.5459606179922636
2017/3/8,2.533132530120482
2017/3/9,1.4907756024096386
2017/3/10,2.538780120481928
2017/3/11,1.4673381024096386
2017/3/12,0.26402484939759036
2017/3/13,0.4083207831325301
2017/3/14,2.490472291697221
2017/3/15,0.6189759036144579
2017/3/16,2.5168486445783134
2017/3/17,2.3836058600839363
2017/3/18,10.806570030120483
2017/3/19,5.444088856498879
2017/3/20,4.4197406632466665
2017/3/21,9.337631777108435
2017/3/22,1.714043674698795
2017/3/23,2.680064006024096
2017/3/24,4.2243034638554215
2017/3/25,5.410768072289156
2017/3/26,5.012393328495863
2017/3/27,1.4362763554216866
2017/3/28,2.2341867469879517
2017/3/29,1.3491152108433733
2017/3/30,11.260730421686747
2017/3/31,5.137801204819277
2017/4/1,3.520420407898814
2017/4/2,4.105609939759035
2017/4/3,2.371517319277108
2017/4/4,8.815775460709467
2017/4/5,1.0161897590361446
2017/4/6,2.7628012048192767
2017/4/7,17.784255296777353
2017/4/8,31.121611445783127
2017/4/9,16.616704506126332
2017/4/10,30.745481927710845
2017/4/11,20.483057228915662
2017/4/12,12.915643699197881
2017/4/13,10.117375753012048
2017/4/14,14.414770246674141
2017/4/15,11.547592244301756
2017/4/16,10.643556921596986
2017/4/17,4.822477409638554
2017/4/18,11.342708339533173
2017/4/19,9.245293674698793
2017/4/20,11.259058128997504
2017/4/21,20.46260037614279
2017/4/22,15.020177478082926
2017/4/23,31.861486601901348
2017/4/24,47.65564176835209
2017/4/25,67.39239973188883
2017/4/26,66.70117332131026
2017/4/27,65.99770972671278
2017/4/28,69.73371599237603
2017/4/29,64.8824361160577
2017/4/30,71.99190512048192
2017/5/1,62.743955128882305
2017/5/2,62.32225092850534
2017/5/3,59.15976371678959
2017/5/4,56.068643525422324
2017/5/5,52.96588863953051
2017/5/6,56.68938253012046
2017/5/7,55.92285640986569
2017/5/8,62.89363704819277
2017/5/9,57.51225119757364
2017/5/10,59.95299958392797
2017/5/11,61.79212084628012
2017/5/12,65.05528633278537
2017/5/13,61.801675490586156
2017/5/14,65.5851971981037
2017/5/15,68.1570498972054
2017/5/16,70.1312360031059
2017/5/17,68.47228275221512
2017/5/18,68.54082728653066
2017/5/19,66.32537167761697
2017/5/20,69.83782003012048
2017/5/21,73.61965067271726
2017/5/22,69.5550172716738
2017/5/23,69.8061525979674
2017/5/24,70.12275642946543
2017/5/25,71.27519635910014
2017/5/26,70.11617564006023
2017/5/27,70.21884412650601
2017/5/28,72.66748256137572
2017/5/29,72.12925307578351
2017/5/30,74.46305546846735
2017/5/31,75.00458395050231
2017/6/1,74.94285732292268
2017/6/2,76.89735765629504
2017/6/3,76.01444391457431
2017/6/4,78.39173924922943
2017/6/5,75.29138303952045
2017/6/6,76.10536660918271
2017/6/7,75.61537400211195
2017/6/8,75.61537400211195
2017/6/9,72.75625953473241
2017/6/10,75.40916804376852
2017/6/11,76.29380040283662
2017/6/12,74.8562374904931
2017/6/13,74.8562374904931
2017/6/14,76.87311746987952
2017/6/15,74.52388473878423
2017/6/16,74.13951130660183
2017/6/17,73.3503388554217
2017/6/18,70.0675828313253
2017/6/19,73.3503388554217
2017/6/20,68.37342885747013
2017/6/21,68.37342885747013
2017/6/22,68.37342885747013
2017/6/23,67.6714004278183
2017/6/24,68.16476844879517
2017/6/25,67.47058538715521
2017/6/26,69.90347338440905
2017/6/27,68.07806216090557
2017/6/28,69.375094126506
2017/6/29,68.62232711085353
2017/6/30,74.89589608433734
2017/7/1,74.71991248446776
2017/7/2,74.48637518825302
2017/7/3,70.94678867294127
2017/7/4,71.39016853614025
2017/7/5,72.4651263564466
2017/7/6,65.69132760203028
2017/7/7,70.88929128503224
2017/7/8,68.69016669529029
2017/7/9,68.69016669529029
2017/7/10,70.1127004652138
2017/7/11,72.87904743975903
2017/7/12,67.54445115773076
2017/7/13,67.5530510271888
2017/7/14,71.01948413504175
2017/7/15,69.15871977375215
2017/7/16,59.11220540770565
2017/7/17,68.13485197992209
2017/7/18,70.27715549698794
2017/7/19,72.70718821560042
2017/7/20,75.8979290479637
2017/7/21,73.58433734939759
2017/7/22,74.28017074516019
2017/7/23,73.17264068988432
2017/7/24,73.17158767401453
2017/7/25,73.11860265789262
2017/7/26,70.77939884633902
2017/7/27,73.13602869912802
2017/7/28,68.93712349397592
2017/7/29,69.40524599063829
2017/7/30,69.94063158064002
2017/7/31,70.70664340257643
2017/8/1,70.75488563833466
2017/8/2,66.43351531028746
2017/8/3,71.64175451807228
2017/8/4,73.84031438253011
2017/8/5,70.63822455722165
2017/8/6,70.63822455722165
2017/8/7,70.50079975357976
2017/8/8,71.5197193924203
2017/8/9,71.37649770817123
2017/8/10,66.92692498126661
2017/8/11,66.49176708761468
2017/8/12,69.7007248789431
2017/8/13,70.83903569916646
2017/8/14,66.74901167168676
2017/8/15,68.88608483090458
2017/8/16,74.47632718373494
2017/8/17,72.61191641566265
2017/8/18,69.80520377388918
2017/8/19,63.00640060240965
2017/8/20,68.56155422796687
2017/8/21,73.8613516566265
2017/8/22,70.72601656454155
2017/8/23,75.67772640808519
2017/8/24,70.18460548785797
2017/8/25,70.21089031466516
2017/8/26,70.7774145832981
2017/8/27,70.30899379339563
2017/8/28,70.30899379339563
2017/8/29,62.854856927710834
2017/8/30,70.89071912650603
2017/8/31,72.08471385542168
2017/9/1,69.45925439265837
2017/9/2,69.85070763869459
2017/9/3,70.72852275601352
2017/9/4,71.64664909638553
2017/9/5,73.38147904355843
2017/9/6,71.95124275138578
2017/9/7,75.34666792168673
2017/9/8,72.06788897370717
2017/9/9,72.87353828298039
2017/9/10,69.5673160797142
2017/9/11,75.12105599656162
2017/9/12,73.20896069687532
2017/9/13,77.65102279186249
2017/9/14,76.85643211473901
2017/9/15,78.6553842202727
2017/9/16,78.17625875789
2017/9/17,79.61272579646972
2017/9/18,78.51231995978986
2017/9/19,78.9033565621778
2017/9/20,74.78812123493977
2017/9/21,78.7611385440252
2017/9/22,77.94406522038472
2017/9/23,75.67875241946027
2017/9/24,74.43054397853025
2017/9/25,75.67192041371243
2017/9/26,76.83835274196534
2017/9/27,74.92787092852306
2017/9/28,68.96830857087332
2017/9/29,68.32600871195277
2017/9/30,67.88434183741191
2017/10/1,
2017/10/2,69.36379894578312
2017/10/3,74.51115399096383
2017/10/4,76.09770340660967
2017/10/5,75.45976088564078
2017/10/6,69.36379894578312
2017/10/7,79.65850903614457
2017/10/8,79.27080195783132
2017/10/9,71.41129517555235
2017/10/10,73.92101150392051
2017/10/11,74.50759564824851
2017/10/12,74.74661310035063
2017/10/13,65.56833584337349
2017/10/14,78.01185993975903
2017/10/15,77.60372740963855
2017/10/16,72.75452534836458
2017/10/17,74.43975217514728
2017/10/18,74.48319353181196
2017/10/19,71.59475247543976
2017/10/20,66.34416495245623
2017/10/21,78.62867093373492
2017/10/22,63.48116374374871
2017/10/23,53.45352668934557
2017/10/24,55.11361069277107
2017/10/25,65.49680591850397
2017/10/26,65.34038977953324
2017/10/27,62.27099021084337
2017/10/28,58.56536929004164
2017/10/29,59.62213075125073
2017/10/30,64.76761997715536
2017/10/31,65.10891105539828
2017/11/1,49.03048127817821
2017/11/2,55.63011420203978
2017/11/3,55.63011420203978
2017/11/4,55.63011420203978
2017/11/5,38.73738704819277
2017/11/6,73.77014307228916
2017/11/7,60.93466828171029
2017/11/8,60.9496109417404
2017/11/9,61.15564975214292
2017/11/10,68.1737261852586
2017/11/11,68.60509204864502
2017/11/12,65.18265879944147
2017/11/13,63.28871726558867
2017/11/14,65.29516700807825
2017/11/15,63.68260532833008
2017/11/16,60.52644954819279
2017/11/17,62.30722891566265
2017/11/18,57.02246506960995
2017/11/19,54.22525052851941
2017/11/20,52.59509993218873
2017/11/21,54.95251308435419
2017/11/22,49.37402547698424
2017/11/23,25.934325462364285
2017/11/24,50.27729668674698
2017/11/25,48.52113147385149
2017/11/26,47.68419961182469
2017/11/27,44.08725527108433
2017/11/28,30.31193524096385
2017/11/29,47.441641566265055
2017/11/30,44.9453125
2017/12/1,42.44898343373494
2017/12/2,40.59655437824955
2017/12/3,35.684864457831324
2017/12/4,35.6548078491027
2017/12/5,48.012264432677306
2017/12/6,36.758471385542165
2017/12/7,37.788027124232556
2017/12/8,32.06861822289156
2017/12/9,31.70811370481927
2017/12/10,29.585184487951803
2017/12/11,29.6066453313253
2017/12/12,27.356268825301203
2017/12/13,25.417074548192765
2017/12/14,25.462467055722893
2017/12/15,25.052334337349404
2017/12/16,24.421182069994774
2017/12/17,22.52786144578313
2017/12/18,28.41076807228915
2017/12/19,17.574548192771086
2017/12/20,18.44079442771084
2017/12/21,21.395613704819272
2017/12/22,18.203689759036145
2017/12/23,24.6925828313253
2017/12/24,16.512142319277107
2017/12/25,14.557417168674702
2017/12/26,11.674698795180722
2017/12/27,10.724397590361443
2017/12/28,11.59789156626506
2017/12/29,10.357868975903614
2017/12/30,13.651826054216867
2017/12/31,10.432211548067537
2018/1/1,10.224478270252606
2018/1/2,10.11935408680464
2018/1/3,9.88394201807229
2018/1/4,5.2386106927710845
2018/1/5,10.124435240963857
2018/1/6,9.019060617469878
2018/1/7,6.177522590361446
2018/1/8,12.635165661932472
2018/1/9,5.165097891566265
2018/1/10,8.795839608433734
2018/1/11,4.512236445783133
2018/1/12,6.254518072289156
2018/1/13,6.964710444772996
2018/1/14,5.9026014832443146
2018/1/15,6.638210226770445
2018/1/16,4.319873310760203
2018/1/17,6.316829819277109
2018/1/18,5.066923945783132
2018/1/19,10.462537650602409
2018/1/20,1.123870481927711
2018/1/21,5.1572644753965085
2018/1/22,3.944224865142121
2018/1/23,1.423757530120482
2018/1/24,6.148719879518072
2018/1/25,2.663968373493976
2018/1/26,1.1418486445783134
2018/1/27,1.550734186746988
2018/1/28,0.3484563253012048
2018/1/29,1.907567771084337
2018/1/30,1.7918862951807226
2018/1/31,0.0677710843373494
2018/2/1,1.2885918674698795
2018/2/2,0.7776731927710843
2018/2/3,1.507059487951807
2018/2/4,0.25
2018/2/5,0.8421498493975903
2018/2/6,0.40502635542168675
2018/2/7,0.34730588923017663
2018/2/8,1.108339608433735
2018/2/9,11.792451054216869
2018/2/10,0.0
2018/2/11,0.7259036144578312
2018/2/12,0.0
2018/2/13,0.3019578313253012
2018/2/14,0.13102409638554216
2018/2/15,0.14457831325301204
2018/2/16,0.0
2018/2/17,0.6128576807228915
2018/2/18,0.12741703584969763
2018/2/19,0.35391566265060237
2018/2/20,0.6812943837728845
2018/2/21,0.025414156626506024
2018/2/22,2.687594126506024
2018/2/23,1.9352258429469835
2018/2/24,1.4043674698795179
2018/2/25,0.11859939759036145
2018/2/26,2.1995481927710845
2018/2/27,8.331325301204819
2018/2/28,0.7282567771084337
2018/3/1,0.06099397590361445
2018/3/2,1.9360881024096384
2018/3/3,0.0
2018/3/4,0.48004518072289154
2018/3/5,1.0633471385542168
2018/3/6,0.0
2018/3/7,0.027484939759036143
2018/3/8,0.0
2018/3/9,0.022025602409638554
2018/3/10,0.02033132530120482
2018/3/11,0.0
2018/3/12,0.27710843373493976
2018/3/13,0.03078982628971697
2018/3/14,0.22147966867469882
2018/3/15,0.0
2018/3/16,0.02371987951807229
2018/3/17,0.03219126506024096
2018/3/18,0.0
2018/3/19,1.0768072289156625
2018/3/20,0.0
2018/3/21,1.4404179216867468
2018/3/22,0.0
2018/3/23,0.03727409638554217
2018/3/24,0.4578313253012048
2018/3/25,0.0
2018/3/26,3.8269954819277108
2018/3/27,0.16402589058481068
2018/3/28,3.0513930722891565
2018/3/29,0.014824924698795181
2018/3/30,3.1383659638554215
2018/3/31,0.2885918674698795
2018/4/1,0.02710843373493976
2018/4/2,0.6133283132530121
2018/4/3,0.16647841298885374
2018/4/4,1.797722138554217
2018/4/5,3.2862387135378035
2018/4/6,1.58269461472126
2018/4/7,1.8348097976813293
2018/4/8,3.672063253012048
2018/4/9,1.4670557228915662
2018/4/10,2.0386729803474912
2018/4/11,1.6830603788685365
2018/4/12,0.5087537668106785
2018/4/13,2.517789909638554
2018/4/14,0.22590361445783133
2018/4/15,0.9311935240963856
2018/4/16,0.6124576430722891
2018/4/17,1.3159436480736875
2018/4/18,3.7211972891566263
2018/4/19,0.0
2018/4/20,2.5250376506024095
2018/4/21,0.5015553347317568
2018/4/22,1.2232680722891565
2018/4/23,1.3866235197981798
2018/4/24,0.2680722891566265
2018/4/25,3.2617658132530116
2018/4/26,0.0
2018/4/27,0.8826807258897515
2018/4/28,0.7682448495179416
2018/4/29,0.0
2018/4/30,1.1775916133031072
2018/5/1,0.6085372729204506
2018/5/2,0.36276355192783366
2018/5/3,0.7690794402845653
2018/5/4,2.7241152108433733
2018/5/5,0.09615963829838367
2018/5/6,2.783132530120482
2018/5/7,0.047628012048192774
2018/5/8,1.0747364457831325
2018/5/9,14.187254421008996
2018/5/10,16.267793055578885
2018/5/11,50.516707462449375
2018/5/12,44.1074298419148
2018/5/13,34.25960071941455
2018/5/14,63.23783109848756
2018/5/15,59.04478141270488
2018/5/16,56.93034149508878
2018/5/17,51.00624185441489
2018/5/18,51.40732933455203
2018/5/19,46.702061360859005
2018/5/20,52.78548569277107
2018/5/21,51.04036681336092
2018/5/22,43.22950395331325
2018/5/23,44.93025225903614
2018/5/24,39.114034237631834
2018/5/25,41.13138493392841
2018/5/26,42.83132874552743
2018/5/27,37.74730167870062
2018/5/28,41.0300812344235
2018/5/29,45.75487886243557
2018/5/30,53.52355515741441
2018/5/31,58.59453430233232
2018/6/1,57.82166156136846
2018/6/2,69.57610128012047
2018/6/3,68.37067018072288
2018/6/4,69.26080268693258
2018/6/5,69.26080268693258
2018/6/6,69.52453569475428
2018/6/7,69.20005336008876
2018/6/8,69.51148343373491
2018/6/9,68.11211579176316
2018/6/10,66.26818272363708
2018/6/11,66.30577685531364
2018/6/12,65.77362575301204
2018/6/13,65.95942689568162
2018/6/14,61.07600414034833
2018/6/15,68.67665870433831
2018/6/16,70.04866336698991
2018/6/17,70.08282655692962
2018/6/18,73.10662648189496
2018/6/19,72.62664726556065
2018/6/20,71.87366675468813
2018/6/21,72.06628701054906
2018/6/22,72.45970575493503
2018/6/23,71.981707796993
2018/6/24,70.77152371119303
2018/6/25,64.27607102063764
2018/6/26,64.64042082895716
2018/6/27,66.8511859939759
2018/6/28,64.64042082895716
2018/6/29,62.597797439759034
2018/6/30,64.47227974397592
2018/7/1,64.64042082895716
2018/7/2,64.64042082895716
2018/7/3,63.83788299991422
2018/7/4,64.78530517471842
2018/7/5,66.81150379453797
2018/7/6,68.3205554844385
2018/7/7,65.26546014647887
2018/7/8,66.80064006024095
2018/7/9,68.61763899872102
2018/7/10,73.62059166488876
2018/7/11,74.02452874758158
2018/7/12,71.39655496987953
2018/7/13,75.45415100563004
2018/7/14,73.12169195945006
2018/7/15,71.924227313823
2018/7/16,70.66231138591307
2018/7/17,69.24846252475876
2018/7/18,67.93809627481254
2018/7/19,63.732837685619494
2018/7/20,67.14369979823928
2018/7/21,69.67427048553903
2018/7/22,69.41859302606927
2018/7/23,72.36574776560428
2018/7/24,69.87801204819276
2018/7/25,74.9306132290737
2018/7/26,70.4916588671236
2018/7/27,71.18717558843542
2018/7/28,65.98296310240964
2018/7/29,71.15992830891204
2018/7/30,72.3080195360873
2018/7/31,72.67441655928829
2018/8/1,71.77021383233817
2018/8/2,72.0461219879518
2018/8/3,73.81419401858224
2018/8/4,73.8610692771084
2018/8/5,71.39095486646676
2018/8/6,71.6139693059117
2018/8/7,66.75629312446318
2018/8/8,70.89523719879517
2018/8/9,70.01957831325299
2018/8/10,73.71462676611291
2018/8/11,72.56474946780378
2018/8/12,73.50919838411262
2018/8/13,72.19983057228913
2018/8/14,77.70570439172077
2018/8/15,77.4650272762919
2018/8/16,79.10598644578312
2018/8/17,74.77858114960682
2018/8/18,74.77858114960682
2018/8/19,69.57285398891173
2018/8/20,70.33687876506023
2018/8/21,76.69766580914877
2018/8/22,70.12098028142766
2018/8/23,70.99288709479642
2018/8/24,62.41142695783132
2018/8/25,67.2949924698795
2018/8/26,75.30043603426003
2018/8/27,75.26741028765598
2018/8/28,74.1169098709003
2018/8/29,69.67848163340464
2018/8/30,71.7070900266429
2018/8/31,72.78633392000772
2018/9/1,67.125
2018/9/2,71.32191252852058
2018/9/3,72.66133283132528
2018/9/4,75.33251131729908
2018/9/5,73.99238222765635
2018/9/6,74.2951908915876
2018/9/7,71.69088864039226
2018/9/8,76.20124411295694
2018/9/9,74.36725243674704
2018/9/10,73.38965349168662
2018/9/11,73.29642862584217
2018/9/12,71.0256586275905
2018/9/13,69.3085466695119
2018/9/14,69.03633283132531
2018/9/15,68.45163443935921
2018/9/16,69.15003765060241
2018/9/17,68.24432578359742
2018/9/18,68.24432578359742
2018/9/19,69.57519610890424
2018/9/20,69.81124491433062
2018/9/21,68.17601656626505
2018/9/22,70.85405685240964
2018/9/23,73.5320971385542
2018/9/24,70.85405685240964
2018/9/25,70.85405685240964
2018/9/26,70.85405685240964
2018/9/27,71.18782944277108
2018/9/28,71.380082516067
2018/9/29,71.65094728498573
2018/9/30,71.65094728498573
2018/10/1,69.84260512403695
2018/10/2,72.07238328313252
2018/10/3,73.92432228915662
2018/10/4,74.35529391808682
2018/10/5,77.70072499958866
2018/10/6,77.3045779667705
2018/10/7,75.33120802080774
2018/10/8,75.02805780502686
2018/10/9,75.80707201038499
2018/10/10,72.30076533915049
2018/10/11,73.68571041721896
2018/10/12,69.55355797331016
2018/10/13,72.16349748243766
2018/10/14,66.30882906626503
2018/10/15,80.84403237951808
2018/10/16,73.99303894660558
2018/10/17,73.82643689951263
2018/10/18,74.0867846385542
2018/10/19,78.19672439759034
2018/10/20,75.40281452902829
2018/10/21,73.52899112184363
2018/10/22,74.0658833032631
2018/10/23,74.0658833032631
2018/10/24,71.31593563470494
2018/10/25,72.02274121146604
2018/10/26,71.11499267026602
2018/10/27,63.47101386842956
2018/10/28,63.47101386842956
2018/10/29,63.47101386842956
2018/10/30,59.263757083789386
2018/10/31,56.727221385542144
2018/11/1,64.52040230940621
2018/11/2,64.58055368101739
2018/11/3,61.18337721996997
2018/11/4,72.66123870481928
2018/11/5,67.64649207189858
2018/11/6,67.37129772140317
2018/11/7,68.21084372106804
2018/11/8,71.42320179221142
2018/11/9,66.50451807228914
2018/11/10,63.267999385494775
2018/11/11,59.02570659065818
2018/11/12,66.38249446074647
2018/11/13,66.40834705513643
2018/11/14,69.77386804014802
2018/11/15,70.86156678558832
2018/11/16,67.69082255535817
2018/11/17,64.83996661563953
2018/11/18,65.86465078951363
2018/11/19,66.1269766566265
2018/11/20,56.877259036144586
2018/11/21,57.518260542168676
2018/11/22,57.2457466921713
2018/11/23,56.248747773917344
2018/11/24,57.39625713049648
2018/11/25,50.42082613778402
2018/11/26,35.954616739807356
2018/11/27,50.01411897590361
2018/11/28,35.42531361852783
2018/11/29,30.714420180722886
2018/11/30,41.19539688612861
2018/12/1,39.97119092250085
2018/12/2,42.34847020636122
2018/12/3,47.61924270190387
2018/12/4,41.43601440360028
2018/12/5,46.22936407449735
2018/12/6,46.49228162650602
2018/12/7,48.45601148490446
2018/12/8,33.540756777108435
2018/12/9,41.11144578313252
2018/12/10,42.94934109751001
2018/12/11,35.57841448755149
2018/12/12,30.81400602409639
2018/12/13,41.967488226851074
2018/12/14,37.02754763091903
2018/12/15,38.49058734078005
2018/12/16,35.17949924698795
2018/12/17,37.99134043469487
2018/12/18,31.061841114457827
2018/12/19,28.201534958040146
2018/12/20,25.283603162650603
2018/12/21,28.89740210843373
2018/12/22,23.288497740963855
2018/12/23,29.50141189759037
2018/12/24,30.98566923945783
2018/12/25,25.330101656626503
2018/12/26,25.88356551204819
2018/12/27,23.314947289156624
2018/12/28,21.67865210843373
2018/12/29,13.752917921686747
2018/12/30,19.722797439759034
2018/12/31,21.296121987951807
2019/1/1,16.593561746987955
2019/1/2,19.939476656626507
2019/1/3,14.030779367469878
2019/1/4,13.52155496987952
2019/1/5,12.033414909638553
2019/1/6,16.30214608433735
2019/1/7,9.516119164156626
2019/1/8,11.385542168674698
2019/1/9,8.982490768510264
2019/1/10,8.667168674698795
2019/1/11,0.13353413199803915
2019/1/12,1.3064759036144578
2019/1/13,7.161001145043018
2019/1/14,6.507583852554392
2019/1/15,12.940229668674698
2019/1/16,9.535768072289155
2019/1/17,6.065982667617051
2019/1/18,6.981551204819277
2019/1/19,5.924416415662651
2019/1/20,7.509318524096387
2019/1/21,3.5568524096385543
2019/1/22,6.061935240963855
2019/1/23,2.6098456325301203
2019/1/24,5.212631777108434
2019/1/25,3.8021356445254693
2019/1/26,2.520707831325301
2019/1/27,3.160015060240964
2019/1/28,2.305628765060241
2019/1/29,1.1840173192771084
2019/1/30,1.6997364457831328
2019/1/31,0.42620481927710846
2019/2/1,0.5930911144578314
2019/2/2,9.111163403614459
2019/2/3,1.972515060240964
2019/2/4,0.0
2019/2/5,1.1253765060240963
2019/2/6,0.20105421686746985
2019/2/7,1.5689006024096384
2019/2/8,0.5222138554216867
2019/2/9,0.3337725903614458
2019/2/10,1.2713314194277108
2019/2/11,1.1306593561746987
2019/2/12,2.626788403614458
2019/2/13,3.4663027108433733
2019/2/14,0.32624246987951805
2019/2/15,0.0
2019/2/16,0.0
2019/2/17,0.11780455026281886
2019/2/18,0.0
2019/2/19,0.0
2019/2/20,0.9448418674698794
2019/2/21,3.0353915662650603
2019/2/22,0.508831081620182
2019/2/23,0.49936464608433734
2019/2/24,0.012048192771084336
2019/2/25,0.0026355421686746986
2019/2/26,0.0
2019/2/27,0.0
2019/2/28,0.0
2019/3/1,0.3663403614457831
2019/3/2,0.0
2019/3/3,0.8519233233598341
2019/3/4,3.4102216143587456
2019/3/5,0.0
2019/3/6,0.24096385542168675
2019/3/7,0.0
2019/3/8,0.9084149096385541
2019/3/9,1.3393260542168675
2019/3/10,0.3573042168674699
2019/3/11,0.7469879518072289
2019/3/12,0.16810993975903615
2019/3/13,0.0
2019/3/14,0.0
2019/3/15,1.392507530120482
2019/3/16,0.08264307228915663
2019/3/17,0.661144578313253
2019/3/18,0.43166415872478703
2019/3/19,0.030496987951807226
2019/3/20,0.24322289156626503
2019/3/21,0.0
2019/3/22,1.4269578313253013
2019/3/23,0.0
2019/3/24,0.5078125
2019/3/25,1.5739834337349397
2019/3/26,0.0
2019/3/27,0.29819277108433734
2019/3/28,0.0
2019/3/29,0.0
2019/3/30,0.7115989990689487
2019/3/31,3.5592996987951806
2019/4/1,0.09269107680722892
2019/4/2,0.39269578313253006
2019/4/3,0.3744352409638554
2019/4/4,0.950018825301205
2019/4/5,0.18072289156626506
2019/4/6,0.0
2019/4/7,1.5601468373493976
2019/4/8,0.0
2019/4/9,0.7962161144578312
2019/4/10,0.8352786144578312
2019/4/11,0.2880271084337349
2019/4/12,0.9713855421686747
2019/4/13,0.7361790921359536
2019/4/14,0.7443524096385542
2019/4/15,0.2696858884160777
2019/4/16,2.7477409638554215
2019/4/17,0.007906626236726002
2019/4/18,3.4148155140454874
2019/4/19,0.9679172415824896
2019/4/20,0.0652296686746988
2019/4/21,0.16671686359198695
2019/4/22,1.6107868975903616
2019/4/23,0.4838855266571045
2019/4/24,11.168515025357527
2019/4/25,37.272966867469876
2019/4/26,26.515127480389122
2019/4/27,10.932815282729017
2019/4/28,13.302051957831326
2019/4/29,18.10497292692223
2019/4/30,12.074830590601426
2019/5/1,5.502070783132529
2019/5/2,12.144692846495344
2019/5/3,12.60469375609095
2019/5/4,13.033603162650602
2019/5/5,18.833772590361445
2019/5/6,9.354640372680972
2019/5/7,12.309826822165983
2019/5/8,8.316901575482213
2019/5/9,5.228575024282536
2019/5/10,0.5927459945879786
2019/5/11,3.848545972908656
2019/5/12,3.2590630433959777
2019/5/13,0.9851280120481927
2019/5/14,1.1848913584667515
2019/5/15,0.38949548192771083
2019/5/16,0.5181852419333285
2019/5/17,1.2813306897654229
2019/5/18,1.4654555722891567
2019/5/19,7.911560590188186
2019/5/20,8.333518451775413
2019/5/21,11.530346347894294
2019/5/22,17.702026838369395
2019/5/23,31.994101391319763
2019/5/24,31.784763740128785
2019/5/25,31.784763740128785
2019/5/26,27.0293361415346
2019/5/27,38.12734225841172
2019/5/28,37.055804950645175
2019/5/29,35.20903937716082
2019/5/30,36.80127949922918
2019/5/31,36.80127949922918
2019/6/1,41.4591901779893
2019/6/2,39.673341774078736
2019/6/3,64.70203558364545
2019/6/4,63.324953115848174
2019/6/5,64.09074859374978
2019/6/6,64.09074859374978
2019/6/7,63.35913664389805
2019/6/8,64.0208776758378
2019/6/9,64.34393262288656
2019/6/10,62.420651652008644
2019/6/11,62.420651652008644
2019/6/12,61.79966760830707
2019/6/13,61.93136619587978
2019/6/14,59.997270331325296
2019/6/15,57.56447141429027
2019/6/16,56.57812364848262
2019/6/17,58.92015627134277
2019/6/18,58.74114031317722
2019/6/19,58.74114031317722
2019/6/20,61.954818271010765
2019/6/21,61.88106477332404
2019/6/22,61.858960331922574
2019/6/23,61.858960331922574
2019/6/24,61.858960331922574
2019/6/25,61.83674530666996
2019/6/26,61.85895438582067
2019/6/27,65.11733226460146
2019/6/28,65.11859594482972
2019/6/29,63.95031339289195
2019/6/30,65.40403769533317
2019/7/1,64.87711784638553
2019/7/2,66.59083210344772
2019/7/3,64.73861071790559
2019/7/4,67.17789909638553
2019/7/5,69.99562329484755
2019/7/6,66.87625047959476
2019/7/7,67.43587622728693
2019/7/8,68.09380514004143
2019/7/9,69.46190693435898
2019/7/10,70.07235937305244
2019/7/11,70.45704689298768
2019/7/12,70.1301534262048
2019/7/13,70.42418109939757
2019/7/14,70.17227537517087
2019/7/15,73.5735128744539
2019/7/16,72.16236812091736
2019/7/17,70.89957211391034
2019/7/18,66.3861069190933
2019/7/19,67.40252374812779
2019/7/20,67.36300492932997
2019/7/21,66.53544517669333
2019/7/22,57.62170557228916
2019/7/23,67.69854441608288
2019/7/24,66.92836972891565
2019/7/25,69.33151355421687
2019/7/26,68.16300555237805
2019/7/27,67.95465518552137
2019/7/28,73.73459191925554
2019/7/29,70.12853857408088
2019/7/30,72.89142495321938
2019/7/31,72.36502516413309
2019/8/1,68.26790759218744
2019/8/2,71.3839828149382
2019/8/3,73.43899041342449
2019/8/4,74.18182887801206
2019/8/5,74.7757295571178
2019/8/6,76.1948464792895
2019/8/7,77.70237186586999
2019/8/8,70.98204831761052
2019/8/9,73.59630099836602
2019/8/10,72.98826715960558
2019/8/11,69.71175333247129
2019/8/12,70.2222326807229
2019/8/13,71.0620055823441
2019/8/14,71.92391641025081
2019/8/15,71.79368292998116
2019/8/16,75.80064006024097
2019/8/17,72.71874999999999
2019/8/18,71.98304179203078
2019/8/19,72.0243468672396
2019/8/20,71.83039967266907
2019/8/21,71.89015104253608
2019/8/22,67.99574798130125
2019/8/23,69.16290162701203
2019/8/24,68.88799818165329
2019/8/25,69.2829132870019
2019/8/26,72.4397592558918
2019/8/27,72.58823484038732
2019/8/28,74.45413664306503
2019/8/29,74.8543766119394
2019/8/30,75.38957523725118
2019/8/31,76.2854071927358
2019/9/1,75.23615549845867
2019/9/2,74.73192771084338
2019/9/3,73.19680284017541
2019/9/4,72.02515050517506
2019/9/5,71.2548727644495
2019/9/6,69.85584985994433
2019/9/7,68.83880997422231
2019/9/8,59.4976468373494
2019/9/9,69.85268852653272
2019/9/10,68.44076301821742
2019/9/11,69.43459773207285
2019/9/12,77.16612094138043
2019/9/13,75.11474021084335
2019/9/14,76.33026851659795
2019/9/15,76.33026851659795
2019/9/16,77.25941257735333
2019/9/17,78.9046028119972
2019/9/18,79.82181852409639
2019/9/19,73.5843110019902
2019/9/20,61.17328689759038
2019/9/21,71.67338102409637
2019/9/22,73.72544533229735
2019/9/23,72.13901058162553
2019/9/24,69.8787165952016
2019/9/25,71.58789413090213
2019/9/26,64.94286521084338
2019/9/27,71.71507906626505
2019/9/28,64.70444277108435
2019/9/29,64.10849960884414
2019/9/30,63.871031065662216
2019/10/1,62.75129127287001
2019/10/2,54.35636295180723
2019/10/3,59.493345105145345
2019/10/4,57.43891189759037
2019/10/5,58.235389865306466
2019/10/6,58.779022226132525
2019/10/7,57.333981154015255
2019/10/8,58.02023719879517
2019/10/9,58.461101779736666
2019/10/10,58.81089991905604
2019/10/11,59.22973117340043
2019/10/12,59.226327183734924
2019/10/13,57.90822715788001
2019/10/14,56.288779571113814
2019/10/15,60.432417168674704
2019/10/16,55.75248634025275
2019/10/17,55.057911332831324
2019/10/18,53.78878004723285
2019/10/19,53.826598846589214
2019/10/20,53.69719503012047
2019/10/21,54.849115210843365
2019/10/22,49.42959337349398
2019/10/23,49.16987473849789
2019/10/24,48.209470691451116
2019/10/25,51.03612278464688
2019/10/26,49.32948054687444
2019/10/27,47.01954849584993
2019/10/28,46.163403736606966
2019/10/29,43.48787351497954
2019/10/30,45.8613516566265
2019/10/31,38.7898780176618
2019/11/1,41.15671254326421
2019/11/2,40.626411897590366
2019/11/3,39.517225150602414
2019/11/4,37.58487336143447
2019/11/5,35.30116242667413
2019/11/6,37.28125
2019/11/7,30.324454066265062
2019/11/8,34.44484186746988
2019/11/9,31.910768072289155
2019/11/10,29.381871234939762
2019/11/11,31.62688253012048
2019/11/12,25.28068524096386
2019/11/13,27.330666415662645
2019/11/14,22.784297345632528
2019/11/15,20.626882530120483
2019/11/16,20.27334337349398
2019/11/17,16.303652108433734
2019/11/18,17.511391726950837
2019/11/19,14.594220632530119
2019/11/20,13.04480421686747
2019/11/21,16.477786144578314
2019/11/22,8.950771837349398
2019/11/23,8.772590361445783
2019/11/24,10.135589231927712
2019/11/25,8.904038027108433
2019/11/26,6.463196536144578
2019/11/27,5.4468185240963845
2019/11/28,7.33452560240964
2019/11/29,4.7418109939759026
2019/11/30,4.947853915662651
2019/12/1,3.085843373493976
2019/12/2,3.5135542168674694
2019/12/3,3.142036897590361
2019/12/4,4.208960843373493
2019/12/5,1.5739834337349397
2019/12/6,1.5868787650602407
2019/12/7,1.4349585843373494
2019/12/8,5.4309529787804705
2019/12/9,0.05082831325301205
2019/12/10,1.605515813253012
2019/12/11,1.0298616340361446
2019/12/12,0.3490210843373494
2019/12/13,2.6581325301204815
2019/12/14,2.5602919619463114
2019/12/15,1.2159262048192772
2019/12/16,4.078595632530121
2019/12/17,0.3401731927710843
2019/12/18,0.02371987951807229
2019/12/19,0.9457569782992444
2019/12/20,0.13893072289156624
2019/12/21,0.12048192771084337
2019/12/22,0.0
2019/12/23,0.4545368975903614
2019/12/24,0.2891566265060241
2019/12/25,0.0
2019/12/26,0.02880271084337349
2019/12/27,0.0
2019/12/28,0.0
2019/12/29,0.7889683733144438
2019/12/30,0.3224774096385542
2019/12/31,0.6588855421686747
2020/1/1,0.17865210843373494
2020/1/2,0.4614081325301205
2020/1/3,0.0
2020/1/4,0.1566265060240964
2020/1/5,0.4158912503934768
2020/1/6,0.18922565630581006
2020/1/7,1.2097138554216866
2020/1/8,0.34211846999824047
2020/1/9,0.36420683107192975
2020/1/10,0.01694277108433735
2020/1/11,0.0
2020/1/12,0.7699548192771084
2020/1/13,0.1325301204819277
2020/1/14,0.0
2020/1/15,0.4132153614457831
2020/1/16,0.1379894578313253
2020/1/17,3.6976656626506026
2020/1/18,0.0730421686746988
2020/1/19,0.6705049285665156
2020/1/20,0.18072289156626506
2020/1/21,0.0
2020/1/22,0.0
2020/1/23,1.5319088855421685
2020/1/24,10.954066265060241
2020/1/25,0.3975903614457831
2020/1/26,3.385636295180723
2020/1/27,0.25301204819277107
2020/1/28,0.0
2020/1/29,2.069162078426186
2020/1/30,2.3719879518072284
2020/1/31,0.0907379518072289
2020/2/1,0.2650602409638554
2020/2/2,0.9043674698795181
2020/2/3,0.1325301204819277
2020/2/4,0.0
2020/2/5,0.6623682228915662
2020/2/6,2.4102033132530116
2020/2/7,0.042921686746987944
2020/2/8,0.0
2020/2/9,0.0
2020/2/10,0.2611069277108434
2020/2/11,0.0
2020/2/12,0.7297628012048193
2020/2/13,0.33923192789037543
2020/2/14,0.02033132530120482
2020/2/15,0.0
2020/2/16,1.2407756024096386
2020/2/17,0.5852786144578314
2020/2/18,0.0
2020/2/19,0.22270331325301201
2020/2/20,0.0
2020/2/21,0.14457831325301204
2020/2/22,0.0
2020/2/23,0.23550451807228917
2020/2/24,1.381965361715081
2020/2/25,0.0
2020/2/26,0.21686746987951808
2020/2/27,0.022025602409638554
2020/2/28,4.047816265060241
2020/2/29,0.0
2020/3/1,0.022025602409638554
2020/3/2,0.0
2020/3/3,0.28774472891566266
2020/3/4,0.7488704819277108
2020/3/5,0.0
2020/3/6,0.0
2020/3/7,0.0
2020/3/8,0.03557981927710843
2020/3/9,0.0
2020/3/10,0.4132153614457831
2020/3/11,0.23456325301204817
2020/3/12,0.6452371987951807
2020/3/13,0.2611069277108434
2020/3/14,0.2579066265060241
2020/3/15,0.0
2020/3/16,0.0
2020/3/17,2.3064759036144578
2020/3/18,0.0
2020/3/19,0.40860316265060237
2020/3/20,0.2885918674698795
2020/3/21,0.04235692771084337
2020/3/22,0.9826807228915663
2020/3/23,0.0
2020/3/24,1.6939006024096384
2020/3/25,0.1407897213855422
2020/3/26,1.083772590361446
2020/3/27,0.09942112198795182
2020/3/28,0.022025602409638554
2020/3/29,0.013177710843373495
2020/3/30,0.0
2020/3/31,1.248117469879518
2020/4/1,0.0
2020/4/2,1.0857492469879517
2020/4/3,0.0
2020/4/4,0.4939002661281321
2020/4/5,0.01742685002734862
2020/4/6,0.042921686746987944
2020/4/7,1.4598130245345184
2020/4/8,0.8787964356232839
2020/4/9,2.1468373493975905
2020/4/10,0.9197163603391992
2020/4/11,6.366108132773135
2020/4/12,25.823039978742596
2020/4/13,33.361350456993264
2020/4/14,67.73437499999999
2020/4/15,48.35001625354031
2020/4/16,43.46554969879518
2020/4/17,35.82930157988904
2020/4/18,25.580007530120486
2020/4/19,19.567959337349397
2020/4/20,14.086784638554215
2020/4/21,18.539062499999996
2020/4/22,20.792910468461645
2020/4/23,16.80337055866797
2020/4/24,13.155119767457425
2020/4/25,10.861916424818785
2020/4/26,9.265066502436277
2020/4/27,12.064194277108435
2020/4/28,3.746517319277109
2020/4/29,3.347609186746988
2020/4/30,6.803275602409638
2020/5/1,3.8145707831325297
2020/5/2,10.758659638554219
2020/5/3,9.23390436746988
2020/5/4,14.083396084337348
2020/5/5,2.9815512044602124
2020/5/6,4.081101750753012
2020/5/7,3.7547063253012047
2020/5/8,1.3521272590361444
2020/5/9,2.128294427710843
2020/5/10,1.906964353094977
2020/5/11,5.013083584337348
2020/5/12,2.580400487318276
2020/5/13,4.468420548072781
2020/5/14,1.5413685841373652
2020/5/15,3.0325677787144496
2020/5/16,2.5075301204819276
2020/5/17,5.032567771084338
2020/5/18,2.7124435240963853
2020/5/19,3.152456698198635
2020/5/20,18.504508645060547
2020/5/21,29.202682371240062
2020/5/22,39.37694826901677
2020/5/23,51.56173757759921
2020/5/24,69.21583207831326
2020/5/25,63.549698846885946
2020/5/26,59.99967054286633
2020/5/27,59.583725453859344
2020/5/28,58.64780454642801
2020/5/29,58.64780454642801
2020/5/30,43.2053840361446
2020/5/31,57.965314417000286
2020/6/1,52.476813712033895
2020/6/2,52.152516173311035
2020/6/3,52.152516173311035
2020/6/4,60.20914914809076
2020/6/5,60.789740040359725
2020/6/6,61.247497157878186
2020/6/7,62.18654288225863
2020/6/8,62.218726148088294
2020/6/9,61.772886792579314
2020/6/10,63.001547615930235
2020/6/11,63.8184912147292
2020/6/12,63.67317091628728
2020/6/13,61.01195920878145
2020/6/14,66.80681989566389
2020/6/15,63.667140868772925
2020/6/16,63.91563101489859
2020/6/17,63.91563101489859
2020/6/18,63.91261608270276
2020/6/19,68.88940272561038
2020/6/20,
2020/6/21,
2020/6/22,
2020/6/23,
2020/6/24,
2020/6/25,
2020/6/26,62.809627078383805
2020/6/27,62.809627078383805
2020/6/28,68.6468089330627
2020/6/29,68.6468089330627
2020/6/30,66.29548316260419
2020/7/1,68.18558113833508
2020/7/2,70.96902943806475
2020/7/3,68.18558113833508
2020/7/4,68.18558113833508
2020/7/5,66.82685702680105
2020/7/6,68.60317207316321
2020/7/7,68.60317207316321
2020/7/8,64.4001398187086
2020/7/9,67.99253501231412
2020/7/10,72.90519900925189
2020/7/11,75.05158134828132
2020/7/12,75.05158134828132
2020/7/13,76.44515562919251
2020/7/14,76.11022215004428
2020/7/15,80.57979143958494
2020/7/16,78.02413569444636
2020/7/17,78.02413569444636
2020/7/18,78.02413569444636
2020/7/19,76.25858123905687
2020/7/20,73.9264715148742
2020/7/21,67.45119518687926
2020/7/22,67.45119518687926
2020/7/23,67.90130835843371
2020/7/24,61.60466867469879
2020/7/25,67.92779091467338
2020/7/26,66.16239940545645
2020/7/27,66.16239940545645
2020/7/28,67.7293392319277
2020/7/29,67.59384412650601
2020/7/30,72.93548353034329
2020/7/31,73.91875969645488
2020/8/1,73.14226454137318
2020/8/2,74.68128765060239
2020/8/3,79.02363041797315
2020/8/4,78.74490757879003
2020/8/5,70.02701430722892
2020/8/6,76.01215443984569
2020/8/7,78.34095847319408
2020/8/8,79.90813253012051
2020/8/9,77.16713743611992
2020/8/10,76.73983882565096
2020/8/11,79.00240022590361
2020/8/12,79.3700175859842
2020/8/13,80.59705082910605
2020/8/14,78.91979629591287
2020/8/15,78.79496637166265
2020/8/16,78.33762106119867
2020/8/17,79.13817579200472
2020/8/18,75.833489083382
2020/8/19,66.12062311746988
2020/8/20,71.06268825301204
2020/8/21,74.43373493975903
2020/8/22,78.01574094611478
2020/8/23,76.45237198795178
2020/8/24,71.56316104998074
2020/8/25,67.60448042168673
2020/8/26,69.23228316421967
2020/8/27,67.32758377259036
2020/8/28,73.15534268086213
2020/8/29,74.82380036130009
2020/8/30,73.3340549698795
2020/8/31,78.48722613719575
2020/9/1,78.16669804216866
2020/9/2,78.65400972711035
2020/9/3,78.05735341612113
2020/9/4,77.92942384783044
2020/9/5,77.26918510643833
2020/9/6,78.7575301204819
2020/9/7,78.26165283157165
2020/9/8,75.05618049437741
2020/9/9,69.07884679070439
2020/9/10,72.0847138554217
2020/9/11,76.1828878012048
2020/9/12,73.86125753012047
2020/9/13,78.14034262048193
2020/9/14,79.89245375093205
2020/9/15,74.67451054216866
2020/9/16,74.6760481394917
2020/9/17,76.9306927416698
2020/9/18,79.31695529926255
2020/9/19,78.7398673224162
2020/9/20,78.75090997908488
2020/9/21,76.38149472891567
2020/9/22,78.87907097138554
2020/9/23,78.69530659985828
2020/9/24,77.91584229469301
2020/9/25,77.78839941771635
2020/9/26,77.024415557643
2020/9/27,78.18185244985374
2020/9/28,76.54138148046403
2020/9/29,76.66241657877542
2020/9/30,77.19332117344959
2020/10/1,76.76130443595979
2020/10/2,77.05966669967376
2020/10/3,75.85480901563024
2020/10/4,77.48879894578312
2020/10/5,77.37901840870637
2020/10/6,76.46693660264991
2020/10/7,70.74622893620688
2020/10/8,78.58478074332317
2020/10/9,76.65724557566355
2020/10/10,74.69819195012012
2020/10/11,73.56123872550135
2020/10/12,73.02979419892092
2020/10/13,74.92944458593804
2020/10/14,71.48390436746986
2020/10/15,70.74943509446568
2020/10/16,72.17762931570951
2020/10/17,70.60770801176508
2020/10/18,69.56198206005325
2020/10/19,69.31732146567607
2020/10/20,72.56956584913183
2020/10/21,62.20534355094634
2020/10/22,71.38455396244322
2020/10/23,65.47665662650601
2020/10/24,68.08141942771083
2020/10/25,57.181350188082945
2020/10/26,65.22235303470886
2020/10/27,64.33717376280981
2020/10/28,60.80713478915663
2020/10/29,62.999058734939744
2020/10/30,62.12914156626505
2020/10/31,65.27560240963857
2020/11/1,54.15916792168674
2020/11/2,62.3731998305723
2020/11/3,61.042827560240966
2020/11/4,54.42771084337349
2020/11/5,60.19578313253012
2020/11/6,56.4031409034169
2020/11/7,57.483904367469876
2020/11/8,56.96573795180723
2020/11/9,49.14288403614458
2020/11/10,52.84271460843373
2020/11/11,51.279017780200526
2020/11/12,46.67131024096387
2020/11/13,48.88181985860849
2020/11/14,43.945030120481924
2020/11/15,49.59842497828494
2020/11/16,39.55374623493975
2020/11/17,43.59059960439981
2020/11/18,42.88827183734939
2020/11/19,37.18105918528086
2020/11/20,49.77028426204818
2020/11/21,39.09280873493975
2020/11/22,42.81942503279951
2020/11/23,33.543862951807235
2020/11/24,38.46818524096385
2020/11/25,29.29235692771085
2020/11/26,32.476091867469876
2020/11/27,32.41359186746988
2020/11/28,30.315700301204824
2020/11/29,32.04372174104294
2020/11/30,26.082548945783135
2020/12/1,31.742658132530124
2020/12/2,25.627823795180717
2020/12/3,23.817865210843372
2020/12/4,23.087548109601784
2020/12/5,20.278614457831317
2020/12/6,20.445030120481928
2020/12/7,19.09855045180723
2020/12/8,19.918768825301207
2020/12/9,18.113234186746986
2020/12/10,16.501087836326516
2020/12/11,8.864551957831324
2020/12/12,13.566265060240964
2020/12/13,11.757435993975903
2020/12/14,11.18684111445783
2020/12/15,10.567771084337348
2020/12/16,11.020519578313253
2020/12/17,8.770896084337348
2020/12/18,6.281297063253012
2020/12/19,8.50521358296679
2020/12/20,9.276543674698795
2020/12/21,7.562405873493976
2020/12/22,6.011201054216867
2020/12/23,5.9000376506024095
2020/12/24,5.16773343373494
2020/12/25,4.281438253012048
2020/12/26,4.619352409638553
2020/12/27,4.24265813253012
2020/12/28,4.5823606927710845
2020/12/29,1.2115022590361446
2020/12/30,2.1398719879518073
2020/12/31,2.8681287650602405
2021/1/1,2.0906438253012047
2021/1/2,2.4245209876358147
2021/1/3,4.006494728915662
2021/1/4,1.2931099397590362
2021/1/5,0.7629894578313253
2021/1/6,2.86558734939759
2021/1/7,6.106645331325301
2021/1/8,1.855374623493976
2021/1/9,1.9524778703743793
2021/1/10,1.5303087349397588
2021/1/11,1.4285579819277108
2021/1/12,1.4535015060240963
2021/1/13,0.6910768072289156
2021/1/14,0.4672439759036144
2021/1/15,0.5163780120481928
2021/1/16,0.8286897590361445
2021/1/17,0.05082831325301205
2021/1/18,1.459902108433735
2021/1/19,6.950395331325302
2021/1/20,1.5540286144578315
2021/1/21,0.5363328313253012
2021/1/22,1.8634224397590362
2021/1/23,0.0
2021/1/24,0.0
2021/1/25,1.99792921686747
2021/1/26,0.0
2021/1/27,0.6690512047519526
2021/1/28,0.0
2021/1/29,18.024167615067523
2021/1/30,29.871909239565024
2021/1/31,41.99371866181673
2021/2/1,66.56040092189626
2021/2/2,76.501459205007
2021/2/3,76.00913027108435
2021/2/4,79.7276920180723
2021/2/5,63.865609286779396
2021/2/6,54.25777646288815
2021/2/7,47.26523268222809
2021/2/8,37.7964984939759
2021/2/9,31.542921686746983
2021/2/10,41.57071395810828
2021/2/11,14.755835843373491
2021/2/12,29.47483984677189
2021/2/13,18.687311746987955
2021/2/14,20.96536144578313
2021/2/15,18.26668244084141
2021/2/16,15.601939006024095
2021/2/17,10.055534638554217
2021/2/18,9.509600903614457
2021/2/19,15.763648343373497
2021/2/20,7.110598644578312
2021/2/21,11.56184111445783
2021/2/22,11.769954819277107
2021/2/23,4.7464231927710845
2021/2/24,4.923485580697116
2021/2/25,3.398343373493976
2021/2/26,2.4565135542168677
2021/2/27,1.760824548192771
2021/2/28,0.42375753012048184
2021/3/1,0.06362951807228916
2021/3/2,1.588290662650602
2021/3/3,0.5899640203240406
2021/3/4,2.444935993975904
2021/3/5,0.0493222891566265
2021/3/6,0.08301957831325302
2021/3/7,0.2748493975903614
2021/3/8,0.2520707831325301
2021/3/9,0.3253012048192771
2021/3/10,0.16437177315174814
2021/3/11,0.944284390792789
2021/3/12,0.8413430527525851
2021/3/13,5.952277861445783
2021/3/14,0.6805346367588961
2021/3/15,0.0
2021/3/16,15.503040399088201
2021/3/17,18.431795867541467
2021/3/18,20.428610483386436
2021/3/19,21.266862188836182
2021/3/20,53.72270331325301
2021/3/21,42.337537650602414
2021/3/22,19.892413403614455
2021/3/23,15.441170933734938
2021/3/24,6.2561182228915655
2021/3/25,17.542558291141532
2021/3/26,10.059229103915662
2021/3/27,4.837725903614457
2021/3/28,0.7699548192771084
2021/3/29,3.1847703313253013
2021/3/30,3.3594691265060233
2021/3/31,1.1424134036144578
2021/4/1,2.817582831325301
2021/4/2,1.6214231927710843
2021/4/3,3.2771084337349397
2021/4/4,2.055721212582416
2021/4/5,2.2712725903614457
2021/4/6,1.5112951807228916
2021/4/7,0.4253576807228916
2021/4/8,1.9952886278729842
2021/4/9,0.0
2021/4/10,5.494352409638554
2021/4/11,0.3288074171686747
2021/4/12,2.702560240963855
2021/4/13,0.0
2021/4/14,3.038497740963855
2021/4/15,1.112387047833707
2021/4/16,0.2748493975903614
2021/4/17,4.5849021084337345
2021/4/18,0.8228539156626505
2021/4/19,0.4890813253012048
2021/4/20,0.68085735892675
2021/4/21,12.633960244077514
2021/4/22,35.67300451807228
2021/4/23,28.09083207831325
2021/4/24,24.642413403614455
2021/4/25,18.36775225903615
2021/4/26,16.815794427710845
2021/4/27,15.96598503388554
2021/4/28,11.750067230448668
2021/4/29,12.147213840161463
2021/4/30,10.503388554216867
2021/5/1,17.707905329741447
2021/5/2,18.074336032551454
2021/5/3,18.34715458553239
2021/5/4,19.40663591763341
2021/5/5,38.631278240537064
2021/5/6,18.080835831811626
2021/5/7,18.535673945783135
2021/5/8,16.199471936213325
2021/5/9,7.615116716867469
2021/5/10,12.760523340788232
2021/5/11,7.905496987951807
2021/5/12,9.946222381329681
2021/5/13,11.334371860666447
2021/5/14,11.475247911749832
2021/5/15,11.828212591494063
2021/5/16,11.7332153435213
2021/5/17,18.937782379518076
2021/5/18,10.153943900063814
2021/5/19,15.290717444191856
2021/5/20,12.092620481927712
2021/5/21,15.618818912565349
2021/5/22,18.674723869930187
2021/5/23,36.224934079919954
2021/5/24,40.013999694801235
2021/5/25,42.03140690563673
2021/5/26,71.59354076471672
2021/5/27,70.52513121840465
2021/5/28,63.804077944841715
2021/5/29,69.20168612879442
2021/5/30,71.86716860891825
2021/5/31,65.53228501239455
2021/6/1,71.49976891135596
2021/6/2,70.8931698511882
2021/6/3,73.07345010645419
2021/6/4,68.68839310666164
2021/6/5,72.47317394578312
2021/6/6,67.8957534094891
2021/6/7,67.2483028690499
2021/6/8,63.90959154913222
2021/6/9,67.6317488788122
2021/6/10,64.57881443256353
2021/6/11,66.8890874831073
2021/6/12,70.49999999999999
2021/6/13,65.7717275389706
2021/6/14,65.45438764037856
2021/6/15,65.62930769087319
2021/6/16,65.67038197833371
2021/6/17,64.19754793126899
2021/6/18,63.55896513720594
2021/6/19,61.86958772590362
2021/6/20,63.87555681007454
2021/6/21,62.97930772620509
2021/6/22,63.57531356596085
2021/6/23,63.85089402385505
2021/6/24,65.28778714875143
2021/6/25,68.05257454550407
2021/6/26,68.3619240177683
2021/6/27,67.6426016566265
2021/6/28,73.74326992753039
2021/6/29,75.37365100039055
2021/6/30,73.51517269553908
2021/7/1,73.67371638568054
2021/7/2,73.61829348644578
2021/7/3,75.14515020904769
2021/7/4,76.73798943714922
2021/7/5,74.98464529916465
2021/7/6,74.62175761935222
2021/7/7,76.40321448768474
2021/7/8,77.13841314919024
2021/7/9,75.7018191311733
2021/7/10,76.76112620801808
2021/7/11,75.91988698473895
2021/7/12,72.8527161299464
2021/7/13,74.53870138705494
2021/7/14,78.73029597121548
2021/7/15,73.22944450881108
2021/7/16,71.79322298607194
2021/7/17,72.23530953619854
2021/7/18,75.38976468953742
2021/7/19,73.9530839187553
2021/7/20,75.93740587349399
2021/7/21,73.64283629354223
2021/7/22,71.90483555018182
2021/7/23,73.12989457831326
2021/7/24,70.9739838400519
2021/7/25,67.11670599357191
2021/7/26,65.51953962409353
2021/7/27,67.39847831051033
2021/7/28,65.39565144748572
2021/7/29,67.95284262048192
2021/7/30,66.9086972891566
2021/7/31,66.3805403594511
2021/8/1,65.59745623117469
2021/8/2,64.68293482783328
2021/8/3,66.43363035730567
2021/8/4,69.33113718248276
2021/8/5,61.60523343373494
2021/8/6,60.82101331705069
2021/8/7,65.03585252417137
2021/8/8,63.880424823387564
2021/8/9,61.31143217704383
2021/8/10,63.34174756256928
2021/8/11,59.70394086478703
2021/8/12,65.64563251977941
2021/8/13,61.432570697313324
2021/8/14,65.63191059267663
2021/8/15,63.06894766386732
2021/8/16,62.688158821628754
2021/8/17,64.01087152455224
2021/8/18,61.62744791392819
2021/8/19,65.66865954844347
2021/8/20,
2021/8/21,74.26039524642584
2021/8/22,67.20679593373492
2021/8/23,67.20679593373492
2021/8/24,67.20679593373492
2021/8/25,71.05308734939759
2021/8/26,67.20679593373492
2021/8/27,74.78953288836651
2021/8/28,74.78953288836651
2021/8/29,75.42142789909637
2021/8/30,76.5171310240964
2021/8/31,79.84080068461866
2021/9/1,75.76075722941431
2021/9/2,64.23541039156626
2021/9/3,77.01349760394496
2021/9/4,77.20217430160706
2021/9/5,79.66660391566265
2021/9/6,74.13811862181468
2021/9/7,74.13811862181468
2021/9/8,69.32238328313254
2021/9/9,74.12631777108433
2021/9/10,77.63309487951807
2021/9/11,71.57924966352532
2021/9/12,72.1188030702522
2021/9/13,72.71890393797173
2021/9/14,68.56400602409639
2021/9/15,68.36445783132527
2021/9/16,74.79376882530119
2021/9/17,76.28030873493975
2021/9/18,75.75018825301204
2021/9/19,79.01251880806612
2021/9/20,75.3748235300363
2021/9/21,80.09770329601793
2021/9/22,77.66617506239788
2021/9/23,80.72617033590753
2021/9/24,75.2320218373494
2021/9/25,80.24397590361446
2021/9/26,78.20812133852259
2021/9/27,76.8444766028818
2021/9/28,76.11577567565872
2021/9/29,75.64113852345798
2021/9/30,75.51308363317007
2021/10/1,72.95868329254976
2021/10/2,76.8445030120482
2021/10/3,70.99152861445782
2021/10/4,71.39614439441497
2021/10/5,70.81871249589577
2021/10/6,72.11557680799298
2021/10/7,71.18532647856745
2021/10/8,63.071895729346444
2021/10/9,71.19192394578312
2021/10/10,65.9852352630661
2021/10/11,69.32134789156625
2021/10/12,66.46095371964466
2021/10/13,67.61590745937391
2021/10/14,66.04026434292278
2021/10/15,64.14075974743051
2021/10/16,65.30224021084335
2021/10/17,64.60118599397589
2021/10/18,68.21451430722891
2021/10/19,64.1543675919613
2021/10/20,67.68532612524835
2021/10/21,66.88050959914564
2021/10/22,65.68998867345142
2021/10/23,62.12396460843373
2021/10/24,62.31187373040671
2021/10/25,64.70729803320873
2021/10/26,63.29159739362186
2021/10/27,54.86722192491391
2021/10/28,59.125282379518055
2021/10/29,59.18929551452038
2021/10/30,54.11536139465238
2021/10/31,50.33065813456673
2021/11/1,52.776731927710834
2021/11/2,51.77823795180722
2021/11/3,45.92093373493976
2021/11/4,49.849648612091336
2021/11/5,46.402649056480584
2021/11/6,47.17855798192771
2021/11/7,48.92772104366715
2021/11/8,44.96357304216867
2021/11/9,45.12151435053492
2021/11/10,35.26110692771085
2021/11/11,36.45410659945155
2021/11/12,34.63092996987952
2021/11/13,29.833866716867465
2021/11/14,38.5399678529027
2021/11/15,35.60909262048193
2021/11/16,34.33909746681351
2021/11/17,32.897025602409634
2021/11/18,33.10080948795181
2021/11/19,28.688253012048193
2021/11/20,30.881024096385538
2021/11/21,28.67940512048193
2021/11/22,25.351468373493976
2021/11/23,24.044051204819276
2021/11/24,5.784356174698795
2021/11/25,21.993760761008204
2021/11/26,12.310429216867469
2021/11/27,16.133219243801502
2021/11/28,13.685711596385541
2021/11/29,12.652861445783135
2021/11/30,15.17164639733642
2021/12/1,13.788121234939757
2021/12/2,12.531461792313548
2021/12/3,12.696065512048193
2021/12/4,13.172063253012047
2021/12/5,9.847985692771084
2021/12/6,9.662556475903612
2021/12/7,10.483716114457831
2021/12/8,4.9000376506024095
2021/12/9,7.96922063253012
2021/12/10,4.87707078313253
2021/12/11,4.278949122920812
2021/12/12,0.7381400602409639
2021/12/13,5.044239457831325
2021/12/14,3.181570030120482
2021/12/15,2.4262989457831328
2021/12/16,3.1644390060240957
2021/12/17,2.2221385542168672
2021/12/18,2.8814006020505745
2021/12/19,1.1147402108433733
2021/12/20,1.7305158132530118
2021/12/21,0.7654367469879517
2021/12/22,1.90050828313253
2021/12/23,0.2611069277108434
2021/12/24,0.8653990963855421
2021/12/25,0.8172063253012047
2021/12/26,1.7185617469879517
2021/12/27,2.4727556102247124
2021/12/28,1.6675451807228914
2021/12/29,0.8202183734939759
2021/12/30,0.0
2021/12/31,0.6265060240963856
2022/1/1,0.0
2022/1/2,0.18881777108433734
2022/1/3,0.0
2022/1/4,0.19277108433734938
2022/1/5,0.0
2022/1/6,0.06814759036144577
2022/1/7,0.2543298192771084
2022/1/8,0.00677710843373494
2022/1/9,0.0
2022/1/10,0.0
2022/1/11,1.248117469879518
2022/1/12,0.11151974001921802
2022/1/13,0.7664721385542168
2022/1/14,0.3132530120481928
2022/1/15,0.0
2022/1/16,2.3478882011160795
2022/1/17,12.907379518072288
2022/1/18,0.008229346070663038
2022/1/19,0.0
2022/1/20,7.197645491101297
2022/1/21,1.373211596385542
2022/1/22,0.0
2022/1/23,0.0
2022/1/24,0.08734939759036144
2022/1/25,0.0
2022/1/26,0.0
2022/1/27,0.1511671686746988
2022/1/28,2.1410956325301203
2022/1/29,0.5558170180722891
2022/1/30,0.0
2022/1/31,0.0
2022/2/1,2.068429969879518
2022/2/2,0.8947665662650602
2022/2/3,2.8133118411144578
2022/2/4,0.9898931770753786
2022/2/5,2.809864457831325
2022/2/6,0.37349397590361444
2022/2/7,0.02880271084337349
2022/2/8,0.0
2022/2/9,1.76114726775741
2022/2/10,0.04405120481927711
2022/2/11,16.059487951852113
2022/2/12,2.2087725903614457
2022/2/13,0.04377928394151021
2022/2/14,1.2682605421686746
2022/2/15,0.0
2022/2/16,0.0
2022/2/17,0.03219126506024096
2022/2/18,0.0
2022/2/19,0.1475903614457831
2022/2/20,0.5602291980421686
2022/2/21,3.4261106927710845
2022/2/22,0.8950623938118119
2022/2/23,0.0
2022/2/24,1.6118138845426486
2022/2/25,7.497929216867468
2022/2/26,0.4937876506024096
2022/2/27,0.0
2022/2/28,0.4318524096385542
2022/3/1,0.38478915662650603
2022/3/2,0.1686746987951807
2022/3/3,0.8029932228915662
2022/3/4,7.967902861445784
2022/3/5,1.4919051204819274
2022/3/6,1.4891283885542166
2022/3/7,0.7224209337349398
2022/3/8,1.4543486445783131
2022/3/9,0.002259036144578313
2022/3/10,0.40963855421686746
2022/3/11,0.0389683734939759
2022/3/12,0.0
2022/3/13,0.07764391152255505
2022/3/14,0.24002259036144577
2022/3/15,0.0
2022/3/16,1.3803652108433735
2022/3/17,0.39551957831325296
2022/3/18,1.8015813253012047
2022/3/19,0.5184134977409638
2022/3/20,0.4884106739457831
2022/3/21,0.0
2022/3/22,0.0
2022/3/23,0.32981927710843373
2022/3/24,0.0
2022/3/25,0.022025602409638554
2022/3/26,0.0
2022/3/27,0.5173237529212991
2022/3/28,1.286238704819277
2022/3/29,0.01403829581048115
2022/3/30,1.3480798192771084
2022/3/31,0.1750484075711434
2022/4/1,0.41227409638554213
2022/4/2,0.0
2022/4/3,0.0
2022/4/4,0.7710843373493975
2022/4/5,0.0
2022/4/6,0.0338855421686747
2022/4/7,0.16248326645378608
2022/4/8,0.0
2022/4/9,0.02183735011571861
2022/4/10,0.7319277108433734
2022/4/11,0.0
2022/4/12,0.38478915662650603
2022/4/13,0.6046686746987951
2022/4/14,0.44322995023510176
2022/4/15,0.05421686746987952
2022/4/16,0.6350362340818687
2022/4/17,0.7398343373493975
2022/4/18,3.302899096385542
2022/4/19,1.3792184292709073
2022/4/20,3.030308734939759
2022/4/21,2.0422768867518526
2022/4/22,2.329756487362895
2022/4/23,3.1172973139952105
2022/4/24,9.154791030539089
2022/4/25,30.784168101218807
2022/4/26,71.68453480249428
2022/4/27,71.92972691016023
2022/4/28,70.40280643428663
2022/4/29,71.73373927983891
2022/4/30,72.2675231996789
2022/5/1,71.99494460691889
2022/5/2,67.29395707831326
2022/5/3,71.76594572469413
2022/5/4,68.56816545739231
2022/5/5,72.68429969879519
2022/5/6,62.024661144578296
2022/5/7,62.04574548192771
2022/5/8,57.3365960408406
2022/5/9,63.62575731794518
2022/5/10,59.536709337349386
2022/5/11,57.81687250122965
2022/5/12,57.084654539464445
2022/5/13,52.84335480109757
2022/5/14,53.59474300045566
2022/5/15,48.75301204819277
2022/5/16,54.904461706259156
2022/5/17,43.10768072289158
2022/5/18,51.96216114457832
2022/5/19,49.04800451807229
2022/5/20,48.23247939240501
2022/5/21,42.42258094879518
2022/5/22,46.548836033028294
2022/5/23,47.58513727532811
2022/5/24,45.10217432228916
2022/5/25,36.82605464415377
2022/5/26,40.23859870936497
2022/5/27,41.59305420697454
2022/5/28,41.59305420697454
2022/5/29,41.59305420697454
2022/5/30,41.59304962890695
2022/5/31,41.59305896816484
2022/6/1,41.59305420697454
2022/6/2,42.03750871965684
2022/6/3,42.18349497433168
2022/6/4,45.19465819324356
2022/6/5,65.40481756896857
2022/6/6,66.45980136293961
2022/6/7,75.52899453151657
2022/6/8,76.20636592715618
2022/6/9,76.15800585804215
2022/6/10,76.27087090532464
2022/6/11,76.56093136661023
2022/6/12,75.97455441161809
2022/6/13,75.91043367586941
2022/6/14,76.59600918264276
2022/6/15,75.55404269120781
2022/6/16,75.98745534649817
2022/6/17,75.33373503225393
2022/6/18,76.71813527072769
2022/6/19,74.36573805866472
2022/6/20,67.58725527108435
2022/6/21,73.79682021974081
2022/6/22,73.05271080459457
2022/6/23,71.58549818504288
2022/6/24,65.07388954708375
2022/6/25,65.07388954708375
2022/6/26,64.46479668674696
2022/6/27,66.60655120481927
2022/6/28,62.3230421686747
2022/6/29,64.53557998731911
2022/6/30,65.36221456886774
2022/7/1,65.36221456886774
2022/7/2,65.27136654882545
2022/7/3,64.00746718874898
2022/7/4,68.31847713654298
2022/7/5,64.63250353968286
2022/7/6,64.63250353968286
2022/7/7,63.82746611445783
2022/7/8,61.178652108433745
2022/7/9,64.95383081881397
2022/7/10,62.77403357373662
2022/7/11,62.77403357373662
2022/7/12,62.78128130105603
2022/7/13,60.861235408897876
2022/7/14,68.85225912461796
2022/7/15,69.91585090361447
2022/7/16,70.0590643825301
2022/7/17,70.61197862280419
2022/7/18,72.04583158837744
2022/7/19,69.91528614457832
2022/7/20,71.87639296629342
2022/7/21,71.28507155682665
2022/7/22,76.95666257013757
2022/7/23,74.64266600379024
2022/7/24,73.51735361369259
2022/7/25,74.26182186172667
2022/7/26,75.81852409638552
2022/7/27,74.34890208761375
2022/7/28,73.57235181331632
2022/7/29,73.29829621027748
2022/7/30,74.38132028263733
2022/7/31,69.4642459355205
2022/8/1,71.76380056789121
2022/8/2,73.6696159638554
2022/8/3,75.34381727281823
2022/8/4,63.67008659638552
2022/8/5,72.46515416165433
2022/8/6,68.85123027304567
2022/8/7,57.09852019275525
2022/8/8,65.56108810240963
2022/8/9,70.45439376170377
2022/8/10,73.27024704002473
2022/8/11,74.31786521084338
2022/8/12,70.32043853725294
2022/8/13,72.32746611445785
2022/8/14,70.02774205839778
2022/8/15,62.257734011454744
2022/8/16,71.30029001149785
2022/8/17,71.67181471026086
2022/8/18,65.37914156626506
2022/8/19,77.64316641566265
2022/8/20,75.77089608433732
2022/8/21,80.15455556777584
2022/8/22,80.12718361975197
2022/8/23,80.44858730126577
2022/8/24,79.84924267717153
2022/8/25,80.71325563809957
2022/8/26,80.9154656306807
2022/8/27,78.789156626506
2022/8/28,82.60706900401287
2022/8/29,79.4196723800108
2022/8/30,81.67542021102216
2022/8/31,81.19954797446007
2022/9/1,81.1940754594573
2022/9/2,82.36579122313535
2022/9/3,81.83264307228917
2022/9/4,82.17130081912121
2022/9/5,77.81487128964389
2022/9/6,77.08636787569668
2022/9/7,77.86093205716236
2022/9/8,75.67501285277217
2022/9/9,65.67488704819276
2022/9/10,70.64194277108432
2022/9/11,78.17844502322642
2022/9/12,75.80064006024095
2022/9/13,78.28934489531689
2022/9/14,69.51242469879517
2022/9/15,75.66239219401255
2022/9/16,76.59118217301655
2022/9/17,78.72778614457832
2022/9/18,77.39657838086048
2022/9/19,73.7685829063496
2022/9/20,75.19085757990915
2022/9/21,72.86343834629979
2022/9/22,70.03492093373495
2022/9/23,72.08927895218493
2022/9/24,71.78907031036285
2022/9/25,66.43966490963857
2022/9/26,72.61168088467723
2022/9/27,75.62556494287698
2022/9/28,75.05355798192771
2022/9/29,72.62933000886295
2022/9/30,76.12650584600055
2022/10/1,75.09355725222323
2022/10/2,74.9432793439153
2022/10/3,74.21493657094886
2022/10/4,73.03964439142183
2022/10/5,71.53376650953865
2022/10/6,72.38930722891567
2022/10/7,70.23395962887498
2022/10/8,67.43147590361444
2022/10/9,68.14599021084337
2022/10/10,69.31774021990326
2022/10/23,68.36394025762397
2022/10/24,66.3959587438997
2022/10/25,67.07993540706403
2022/10/26,63.640624999999986
2022/10/27,65.58703832310366
2022/10/28,63.30438658128301
2022/10/29,58.41457078543054
2022/10/30,56.1615103023598
2022/10/31,62.10156249999999
2022/11/1,60.1626193121255
2022/11/2,54.91594503012048
2022/11/3,58.318612097975695
2022/11/4,62.371964420180724
